[
  {
    "name": "xiaomi",
    "description": "yiet",
    "price": 20.04,
    "category": "mobile"
    "unique_id": "xvc123",
    "stock": 18
  },

  {
    "name": "samsunga1",
    "description": "awesome",
    "price": 125.44,
    "category": "mobile",
    "unique_id": "xzr110024",
    "stock": 44
  },

  {
    "name": "samsunga1",
    "description": "awesome",
    "price": 120.44,
    "category": "mobile",
    "unique_id": "xzr110024",
    "stock": 44
  },

  {
    "name": "ziomar",
    "description": "mediocre",
    "price": 86.24,
    "category": "cellphone",
    "unique_id": "erdf0012",
    "stock": 26
  },

  {
    "name": "samsungb2",
    "description": "good",
    "price": 102.14,
    "category": "cellphone",
    "unique_id": "xzr110022",
    "stock": 14
  }
]